business_id	target_canonical	numbered_legacy_1	numbered_legacy_2	action	expected_slot_delta	protection_rule
07	07-personal-meaning-map	ai-revenue-business-07-personal-meaning-map	arl-review-b07-personal-meaning-map	CREATE_VERIFY_SWITCH_THEN_DELETE_NUMBERED_LEGACY	-1	DO_NOT_TOUCH_NUMBERLESS
08	08-family-newspaper	ai-revenue-business-08-family-newspaper	arl-review-b08-family-newspaper	CREATE_VERIFY_SWITCH_THEN_DELETE_NUMBERED_LEGACY	-1	DO_NOT_TOUCH_NUMBERLESS
09	09-personalized-childrens-story	ai-revenue-business-09-childrens-story	arl-review-b09-personalized-childrens-story	CREATE_VERIFY_SWITCH_THEN_DELETE_NUMBERED_LEGACY	-1	DO_NOT_TOUCH_NUMBERLESS
10	10-fan-magazine	ai-revenue-business-10-fan-magazine	arl-review-b10-fan-magazine	CREATE_VERIFY_SWITCH_THEN_DELETE_NUMBERED_LEGACY	-1	DO_NOT_TOUCH_NUMBERLESS
11	11-language-learning-magazine	ai-revenue-business-11-language-magazine	arl-review-b11-language-learning-magazine	CREATE_VERIFY_SWITCH_THEN_DELETE_NUMBERED_LEGACY	-1	DO_NOT_TOUCH_NUMBERLESS
12	12-creator-mini-media	ai-revenue-business-12-creator-mini-media	arl-review-b12-creator-mini-media	CREATE_VERIFY_SWITCH_THEN_DELETE_NUMBERED_LEGACY	-1	DO_NOT_TOUCH_NUMBERLESS
15	15-global-ai-newsroom	ai-revenue-business-15-global-ai-newsroom	arl-review-b15-global-ai-newsroom	CREATE_VERIFY_SWITCH_THEN_DELETE_NUMBERED_LEGACY	-1	DO_NOT_TOUCH_NUMBERLESS
16	16-personal-sports	ai-revenue-business-16-personal-sports	arl-review-b16-personal-sports	CREATE_VERIFY_SWITCH_THEN_DELETE_NUMBERED_LEGACY	-1	DO_NOT_TOUCH_NUMBERLESS
17	17-local-shop-magazine	ai-revenue-business-17-local-shop-magazine	arl-review-b17-local-shop-magazine	CREATE_VERIFY_SWITCH_THEN_DELETE_NUMBERED_LEGACY	-1	DO_NOT_TOUCH_NUMBERLESS
18	18-personal-audio-channel	ai-revenue-business-18-personal-audio-channel	arl-review-b18-personal-audio-channel	CREATE_VERIFY_SWITCH_THEN_DELETE_NUMBERED_LEGACY	-1	DO_NOT_TOUCH_NUMBERLESS
19	19-personal-memory-book	ai-revenue-business-19-personal-memory-book	arl-review-b19-personal-memory-book	CREATE_VERIFY_SWITCH_THEN_DELETE_NUMBERED_LEGACY	-1	DO_NOT_TOUCH_NUMBERLESS
20	20-personal-memory-novel	ai-revenue-business-20-personal-memory-novel	arl-review-b20-personal-memory-novel	CREATE_VERIFY_SWITCH_THEN_DELETE_NUMBERED_LEGACY	-1	DO_NOT_TOUCH_NUMBERLESS
21	21-founder-strategy-letter	ai-revenue-business-21-founder-strategy-letter	arl-review-b21-founder-strategy-letter	CREATE_VERIFY_SWITCH_THEN_DELETE_NUMBERED_LEGACY	-1	DO_NOT_TOUCH_NUMBERLESS
22	22-personal-media-studio	ai-revenue-business-22-personal-media-studio	arl-review-b22-personal-media-studio	CREATE_VERIFY_SWITCH_THEN_DELETE_NUMBERED_LEGACY	-1	DO_NOT_TOUCH_NUMBERLESS
29	29-apartment-governance	ai-revenue-business-29-governance-tutorial	ai-revenue-business-29-apartment-governance	CREATE_VERIFY_SWITCH_THEN_DELETE_NUMBERED_LEGACY	-1	DO_NOT_TOUCH_NUMBERLESS
33	33-research-memory	ai-revenue-business-33-research-memory	arl-review-b33-research-memory	CREATE_VERIFY_SWITCH_THEN_DELETE_NUMBERED_LEGACY	-1	DO_NOT_TOUCH_NUMBERLESS
34	34-ai-dubbing-studio	ai-revenue-business-34-ai-dubbing-studio	arl-review-b34-ai-dubbing-studio	CREATE_VERIFY_SWITCH_THEN_DELETE_NUMBERED_LEGACY	-1	DO_NOT_TOUCH_NUMBERLESS
36	36-ai-women-safety	ai-revenue-business-36-ai-women-safety	arl-review-b36-ai-women-safety	CREATE_VERIFY_SWITCH_THEN_DELETE_NUMBERED_LEGACY	-1	DO_NOT_TOUCH_NUMBERLESS
37	37-ai-safe-route	ai-revenue-business-37-ai-safe-route	arl-review-b37-ai-safe-route	CREATE_VERIFY_SWITCH_THEN_DELETE_NUMBERED_LEGACY	-1	DO_NOT_TOUCH_NUMBERLESS
38	38-ai-exercise-coach	ai-revenue-business-38-ai-exercise-coach	arl-review-b38-ai-exercise-coach	CREATE_VERIFY_SWITCH_THEN_DELETE_NUMBERED_LEGACY	-1	DO_NOT_TOUCH_NUMBERLESS
39	39-112-real-time-interpretation	ai-revenue-business-39-112-real-time-interpretation	arl-review-b39-112-real-time-interpretation	CREATE_VERIFY_SWITCH_THEN_DELETE_NUMBERED_LEGACY	-1	DO_NOT_TOUCH_NUMBERLESS
40	40-emergency-urgency-ai	ai-revenue-business-40-emergency-urgency-ai	arl-review-b40-emergency-urgency-ai	CREATE_VERIFY_SWITCH_THEN_DELETE_NUMBERED_LEGACY	-1	DO_NOT_TOUCH_NUMBERLESS
41	41-foreign-emergency-assistant	ai-revenue-business-41-foreign-emergency-assistant	arl-review-b41-foreign-emergency-assistant	CREATE_VERIFY_SWITCH_THEN_DELETE_NUMBERED_LEGACY	-1	DO_NOT_TOUCH_NUMBERLESS
42	42-ai-development-control-tower	ai-revenue-business-42-ai-development-control-tower	arl-review-b42-ai-development-control-tower	CREATE_VERIFY_SWITCH_THEN_DELETE_NUMBERED_LEGACY	-1	DO_NOT_TOUCH_NUMBERLESS
43	43-ai-software-factory	ai-revenue-business-43-ai-software-factory	arl-review-b43-ai-software-factory	CREATE_VERIFY_SWITCH_THEN_DELETE_NUMBERED_LEGACY	-1	DO_NOT_TOUCH_NUMBERLESS
45	45-ai-content-engine	ai-revenue-business-45-ai-content-engine	arl-review-b45-ai-content-engine	CREATE_VERIFY_SWITCH_THEN_DELETE_NUMBERED_LEGACY	-1	DO_NOT_TOUCH_NUMBERLESS
46	46-ai-personalization-engine	ai-revenue-business-46-ai-personalization-engine	arl-review-b46-ai-personalization-engine	CREATE_VERIFY_SWITCH_THEN_DELETE_NUMBERED_LEGACY	-1	DO_NOT_TOUCH_NUMBERLESS
47	47-real-time-feedback-engine	ai-revenue-business-47-real-time-feedback-engine	arl-review-b47-real-time-feedback-engine	CREATE_VERIFY_SWITCH_THEN_DELETE_NUMBERED_LEGACY	-1	DO_NOT_TOUCH_NUMBERLESS
48	48-ai-verification-engine	ai-revenue-business-48-ai-verification-engine	arl-review-b48-ai-verification-engine	CREATE_VERIFY_SWITCH_THEN_DELETE_NUMBERED_LEGACY	-1	DO_NOT_TOUCH_NUMBERLESS
49	49-public-data-connector-hub	ai-revenue-business-49-public-data-connector-hub	arl-review-b49-public-data-connector-hub	CREATE_VERIFY_SWITCH_THEN_DELETE_NUMBERED_LEGACY	-1	DO_NOT_TOUCH_NUMBERLESS
51	51-ai-workflow-marketplace	ai-revenue-business-51-ai-workflow-marketplace	arl-review-b51-ai-workflow-marketplace	CREATE_VERIFY_SWITCH_THEN_DELETE_NUMBERED_LEGACY	-1	DO_NOT_TOUCH_NUMBERLESS
52	52-scheduled-agent-operations	ai-revenue-business-52-scheduled-agent-operations	arl-review-b52-scheduled-agent-operations	CREATE_VERIFY_SWITCH_THEN_DELETE_NUMBERED_LEGACY	-1	DO_NOT_TOUCH_NUMBERLESS
53	53-embedded-ai-sdk	ai-revenue-business-53-embedded-ai-sdk	arl-review-b53-embedded-ai-sdk	CREATE_VERIFY_SWITCH_THEN_DELETE_NUMBERED_LEGACY	-1	DO_NOT_TOUCH_NUMBERLESS
54	NON_WEB	ai-revenue-business-54-ai-model-router		VERIFY_OBSOLETE_THEN_DELETE_NUMBERED_PROJECT_ONLY	-1	DO_NOT_TOUCH_NUMBERLESS
55	55-local-ai-fleet	ai-revenue-business-55-local-ai-fleet	arl-review-b55-local-ai-fleet	CREATE_VERIFY_SWITCH_THEN_DELETE_NUMBERED_LEGACY	-1	DO_NOT_TOUCH_NUMBERLESS
57	57-classic-literature-translation	ai-revenue-business-57-classic-literature-translation	arl-review-b57-classic-literature-translation	CREATE_VERIFY_SWITCH_THEN_DELETE_NUMBERED_LEGACY	-1	DO_NOT_TOUCH_NUMBERLESS
58	58-personal-writing-voice	ai-revenue-business-58-personal-writing-voice-studio	arl-review-b58-personal-writing-voice	CREATE_VERIFY_SWITCH_THEN_DELETE_NUMBERED_LEGACY	-1	DO_NOT_TOUCH_NUMBERLESS
