business_id	source_pr	exact_sha	source_directory	entry_file	target_project	legacy_primary	legacy_review	safety_project
06	180	fbfd7e47c319d4493bc25f0c18b3961bf5fd3122	reference/business-06-world-feed-v1	index.html	06-world-feed	-	arl-review-b06-world-feed	ai-revenue-world-feed
07	397	9e4f3fa9f7e9b398abf6a4e87b3f2c95eb248802	reference/business-07-personal-meaning-map-v1	ux.html	07-personal-meaning-map	ai-revenue-business-07-personal-meaning-map	arl-review-b07-personal-meaning-map	ai-revenue-business-07-personal-meaning-map
08	398	72b478a5f51f76522a689dfd80321afb75b866ee	reference/business-08-family-newspaper-v1	ux.html	08-family-newspaper	ai-revenue-business-08-family-newspaper	arl-review-b08-family-newspaper	ai-revenue-business-08-family-newspaper
09	399	26bdf6e5c8d44921cecedafa3a8568ceb81ebf72	reference/business-09-personalized-childrens-story-v1	ux.html	09-personalized-childrens-story	ai-revenue-business-09-childrens-story	arl-review-b09-personalized-childrens-story	ai-revenue-business-09-childrens-story
10	400	ea40906005366b6356904ad10a93981d823b0f63	reference/business-10-fan-magazine-v1	ux.html	10-fan-magazine	ai-revenue-business-10-fan-magazine	arl-review-b10-fan-magazine	ai-revenue-business-10-fan-magazine
11	401	282cd9757d820ba3c496a083c1bea72fd18f1045	reference/business-11-language-learning-magazine-v1	ux.html	11-language-learning-magazine	ai-revenue-business-11-language-magazine	arl-review-b11-language-learning-magazine	ai-revenue-business-11-language-magazine
12	402	ac70446ace1bbba3ab02a49c637dcd205add93dc	reference/business-12-creator-mini-media-v1	ux.html	12-creator-mini-media	ai-revenue-business-12-creator-mini-media	arl-review-b12-creator-mini-media	ai-revenue-business-12-creator-mini-media
15	403	8b490afaa3808860c05dc6f0aa4e18d4ae26b1e0	reference/business-15-global-ai-newsroom-v1	ux.html	15-global-ai-newsroom	ai-revenue-business-15-global-ai-newsroom	arl-review-b15-global-ai-newsroom	ai-revenue-business-15-global-ai-newsroom
16	404	8f4db08b6d908fa073716a1e48bceb28fdafa91f	reference/business-16-personal-sports-v1	ux.html	16-personal-sports	ai-revenue-business-16-personal-sports	arl-review-b16-personal-sports	ai-revenue-business-16-personal-sports
17	405	fecfb4ce306870b6e035a4e425c7e9c2e86b326c	reference/business-17-local-shop-magazine-v1	ux.html	17-local-shop-magazine	ai-revenue-business-17-local-shop-magazine	arl-review-b17-local-shop-magazine	ai-revenue-business-17-local-shop-magazine
18	406	2014020c65f80d206520f14bcc10190850eafa7b	reference/business-18-personal-audio-channel-v1	ux.html	18-personal-audio-channel	ai-revenue-business-18-personal-audio-channel	arl-review-b18-personal-audio-channel	ai-revenue-business-18-personal-audio-channel
19	407	33b1f30b54d23a91ed6f0a257977741ddf8cbace	reference/business-19-personal-memory-book-v1	ux.html	19-personal-memory-book	ai-revenue-business-19-personal-memory-book	arl-review-b19-personal-memory-book	ai-revenue-business-19-personal-memory-book
20	408	55ba9e9b4d63494428addf13e644b57581228aeb	reference/business-20-personal-memory-novel-v1	ux.html	20-personal-memory-novel	ai-revenue-business-20-personal-memory-novel	arl-review-b20-personal-memory-novel	ai-revenue-business-20-personal-memory-novel
21	409	5f18d9a727c9fe4e1ea492657dfd72189b3f2a73	reference/business-21-founder-strategy-letter-v1	ux.html	21-founder-strategy-letter	ai-revenue-business-21-founder-strategy-letter	arl-review-b21-founder-strategy-letter	ai-revenue-business-21-founder-strategy-letter
22	410	9e42eb6641fa8f1d662db263a00e27e2597ace4e	reference/business-22-personal-media-studio-v1	ux.html	22-personal-media-studio	ai-revenue-business-22-personal-media-studio	arl-review-b22-personal-media-studio	ai-revenue-business-22-personal-media-studio
32	354	73ec4718d0835248ab20d56bc68f3956536112b4	reference/business-32-ai-skill-studio-ux	index.html	32-ai-skill-studio	ai-revenue-business-32-ai-skill-studio	arl-review-b32-ai-skill-studio	ai-revenue-business-32-ai-skill-studio
33	411	c034ccae74d038bb3c5517c62e3c290db5bffc2a	reference/business-33-research-memory-v1	ux.html	33-research-memory	ai-revenue-business-33-research-memory	arl-review-b33-research-memory	ai-revenue-business-33-research-memory
34	412	4e77ce30ffc266997ba26fa55fd835c6fca32c85	reference/business-34-ai-dubbing-studio-v1	ux.html	34-ai-dubbing-studio	ai-revenue-business-34-ai-dubbing-studio	arl-review-b34-ai-dubbing-studio	ai-revenue-business-34-ai-dubbing-studio
35	370	1bc3469baae6ac7d4a1ff362a4a2b4b0af8079d2	reference/business-35-ai-media-education-dx-v3	index.html	35-ai-media-education-dx	ai-revenue-business-35-ai-media-education-dx	-	ai-revenue-business-35-ai-media-education-dx
36	413	6d0e904b33b68754b61b45568389c7a67b7124eb	reference/business-36-ai-women-safety-v1	ux.html	36-ai-women-safety	ai-revenue-business-36-ai-women-safety	arl-review-b36-ai-women-safety	ai-revenue-business-36-ai-women-safety
37	414	03d43309500aa8be07204fa0e6d6eaf602bbc23d	reference/business-37-ai-safe-route-v1	ux.html	37-ai-safe-route	ai-revenue-business-37-ai-safe-route	arl-review-b37-ai-safe-route	ai-revenue-business-37-ai-safe-route
38	415	d24aeb46cc74d5b7c9fa70f270345d92c133b000	reference/business-38-ai-exercise-coach-v1	ux.html	38-ai-exercise-coach	ai-revenue-business-38-ai-exercise-coach	arl-review-b38-ai-exercise-coach	ai-revenue-business-38-ai-exercise-coach
39	416	f62149fee46dc6bb7c9a26a2c20850b925342d43	reference/business-39-112-real-time-interpretation-v1	ux.html	39-112-real-time-interpretation	ai-revenue-business-39-112-real-time-interpretation	arl-review-b39-112-real-time-interpretation	ai-revenue-business-39-112-real-time-interpretation
40	417	82e71599ef539443a6a97fb97d038bc962b660cd	reference/business-40-emergency-urgency-ai-v1	ux.html	40-emergency-urgency-ai	ai-revenue-business-40-emergency-urgency-ai	arl-review-b40-emergency-urgency-ai	ai-revenue-business-40-emergency-urgency-ai
41	418	e59e82204be94f2f0c49bb9fce01a9c81711ed5e	reference/business-41-foreign-emergency-assistant-v1	ux.html	41-foreign-emergency-assistant	ai-revenue-business-41-foreign-emergency-assistant	arl-review-b41-foreign-emergency-assistant	ai-revenue-business-41-foreign-emergency-assistant
42	419	04789d43cf99c94a9c4a3a4c39f4c501c74c128d	reference/business-42-ai-development-control-tower-v1	ux.html	42-ai-development-control-tower	ai-revenue-business-42-ai-development-control-tower	arl-review-b42-ai-development-control-tower	ai-revenue-business-42-ai-development-control-tower
43	420	2cb76c6a7e27b2d7c74c75113ec24ecd4164978f	reference/business-43-ai-software-factory-v1	ux.html	43-ai-software-factory	ai-revenue-business-43-ai-software-factory	arl-review-b43-ai-software-factory	ai-revenue-business-43-ai-software-factory
45	421	b649a824839003145090fe870ded899d551d2733	reference/business-45-ai-content-engine-v1	ux.html	45-ai-content-engine	ai-revenue-business-45-ai-content-engine	arl-review-b45-ai-content-engine	ai-revenue-business-45-ai-content-engine
46	422	2747d64c2387bb6f76dda6e3c619604150d7dd21	reference/business-46-ai-personalization-engine-v1	ux.html	46-ai-personalization-engine	ai-revenue-business-46-ai-personalization-engine	arl-review-b46-ai-personalization-engine	ai-revenue-business-46-ai-personalization-engine
47	423	744a0c9ee66da73e774c4fa24fe12a5bad428b80	reference/business-47-real-time-feedback-engine-v1	ux.html	47-real-time-feedback-engine	ai-revenue-business-47-real-time-feedback-engine	arl-review-b47-real-time-feedback-engine	ai-revenue-business-47-real-time-feedback-engine
48	424	3e662d330a8b30383d4bfc1f8b0319a3e9e2382e	reference/business-48-ai-verification-engine-v1	ux.html	48-ai-verification-engine	ai-revenue-business-48-ai-verification-engine	arl-review-b48-ai-verification-engine	ai-revenue-business-48-ai-verification-engine
49	425	84d24d3665e91413f36822697d6cd7905035781e	reference/business-49-public-data-connector-hub-v1	ux.html	49-public-data-connector-hub	ai-revenue-business-49-public-data-connector-hub	arl-review-b49-public-data-connector-hub	ai-revenue-business-49-public-data-connector-hub
51	426	1accf2929dac862233434aed3b512335b37a55c3	reference/business-51-ai-workflow-marketplace-v1	ux.html	51-ai-workflow-marketplace	ai-revenue-business-51-ai-workflow-marketplace	arl-review-b51-ai-workflow-marketplace	ai-revenue-business-51-ai-workflow-marketplace
52	427	19e78810554e5680f925af8c807254b5ea7baba1	reference/business-52-scheduled-agent-operations-v1	ux.html	52-scheduled-agent-operations	ai-revenue-business-52-scheduled-agent-operations	arl-review-b52-scheduled-agent-operations	ai-revenue-business-52-scheduled-agent-operations
53	428	b4e8f962e51dd298174d0a070dcfb5759f9935c6	reference/business-53-embedded-ai-sdk-v1	ux.html	53-embedded-ai-sdk	ai-revenue-business-53-embedded-ai-sdk	arl-review-b53-embedded-ai-sdk	ai-revenue-business-53-embedded-ai-sdk
55	429	3e3eb0aff6eeb198b342be59b312dd265c3ced55	reference/business-55-local-ai-fleet-v1	ux.html	55-local-ai-fleet	ai-revenue-business-55-local-ai-fleet	arl-review-b55-local-ai-fleet	ai-revenue-business-55-local-ai-fleet
57	430	930a8dc4c2d13c2537c723ee76eec8217983d8e3	reference/business-57-classic-literature-translation-studio-v1	ux.html	57-classic-literature-translation	ai-revenue-business-57-classic-literature-translation	arl-review-b57-classic-literature-translation	ai-revenue-business-57-classic-literature-translation
58	431	135a0cd0901ca132346ad2d1e1537d1c6fef8444	reference/business-58-personal-writing-voice-studio-v1	ux.html	58-personal-writing-voice	ai-revenue-business-58-personal-writing-voice-studio	arl-review-b58-personal-writing-voice	ai-revenue-business-58-personal-writing-voice-studio
59	392	f327093a445086d4efb79452b1bc62ba53ff8a9b	reference/business-59-living-archive-v1	index.html	59-living-archive	ai-revenue-business-59-living-archive	-	ai-revenue-business-59-living-archive
